depthCharts,Name
QB1,Trent Edwards
QB2,Ryan Fitzpatrick
RB1,C.J. Spiller
RB2,Fred Jackson
RB3,Marshawn Lynch
WR1,Lee Evans
WR2,Steve Johnson
WR3,Roscoe Parrish
WR4,David Nelson
TE1,Jonathan Stupar
TE2,Shawn Nelson*
QB1,Joe Flacco
QB2,Marc Bulger
RB1,Ray Rice
RB2,Willis McGahee
RB3,Le'Ron McClain
WR1,Anquan Boldin
WR2,Derrick Mason
WR3,T.J. Houshmandzadeh
WR4,Donte' Stallworth
TE1,Todd Heap
TE2,Ed Dickson
QB1,Matt Schaub
QB2,Matt Leinart
RB1,Arian Foster
RB2,Steve Slaton
RB3,Derrick Ward
WR1,Andre Johnson
WR2,Kevin Walter
WR3,Jacoby Jones
WR4,David Anderson
TE1,Owen Daniels
TE2,Joel Dreessen
QB1,Kyle Orton
QB2,Brady Quinn
RB1,Knowshon Moreno
RB2,Correll Buckhalter
RB3,Lance Ball
WR1,Eddie Royal
WR2,Jabar Gaffney
WR3,Brandon Lloyd
WR4,Demaryius Thomas
TE1,Daniel Graham
TE2,Richard Quinn
QB1,Tony Romo
QB2,Jon Kitna
RB1,Felix Jones
RB2,Marion Barber
RB3,Tashard Choice
WR1,Miles Austin
WR2,Dez Bryant
WR3,Roy E. Williams
WR4,Kevin Ogletree
TE1,Jason Witten
TE2,Martellus Bennett
QB1,Jay Cutler
QB2,Caleb Hanie
RB1,Matt Forte
RB2,Chester Taylor
RB3,Kahlil Bell
WR1,Johnny Knox
WR2,Devin Hester
WR3,Devin Aromashodu
WR4,Rashied Davis
TE1,Greg Olsen
TE2,Brandon Manumaleuna
QB1,Matt Ryan
QB2,Chris Redman
RB1,Michael Turner
RB2,Jason Snelling
RB3,Jerious Norwood
WR1,Roddy White
WR2,Harry Douglas
WR3,Michael Jenkins
WR4,Brian Finneran
TE1,Tony Gonzalez
TE2,Justin Peelle
QB1,Derek Anderson
QB2,Max Hall
RB1,Beanie Wells
RB2,Tim Hightower
RB3,Jason Wright
WR1,Larry Fitzgerald
WR2,Steve Breaston
WR3,Early Doucet
WR4,Stephen Williams
TE1,Ben Patrick
TE2,Stephen Spach
QB1,Chad Henne
QB2,Tyler Thigpen
RB1,Ronnie Brown
RB2,Ricky Williams
RB3,Lex Hilliard
WR1,Brandon Marshall
WR2,Brian Hartline
WR3,Davone Bess
WR4,Patrick Turner
TE1,Anthony Fasano
TE2,John Nalbone
QB1,Carson Palmer
QB2,J.T. O'Sullivan
RB1,Cedric Benson
RB2,Bernard Scott
RB3,Brian Leonard
WR1,Chad Ochocinco
WR2,Terrell Owens
WR3,Andre Caldwell
WR4,Jordan Shipley
TE1,Jermaine Gresham
TE2,Reggie Kelly
QB1,Peyton Manning
QB2,Curtis Painter
RB1,Joseph Addai
RB2,Donald Brown
RB3,Mike Hart
WR1,Reggie Wayne
WR2,Pierre Garcon
WR3,Austin Collie
WR4,Anthony Gonzalez
TE1,Dallas Clark
TE2,Brody Eldridge
QB1,Matt Cassel
QB2,Brodie Croyle
RB1,Jamaal Charles
RB2,Thomas Jones
RB3,Jackie Battle
WR1,Dwayne Bowe
WR2,Chris Chambers
WR3,Dexter McCluster
WR4,Terrance Copper
TE1,Tony Moeaki
TE2,Leonard Pope
QB1,Eli Manning
QB2,Sage Rosenfels
RB1,Brandon Jacobs
RB2,Ahmad Bradshaw
RB3,Danny Ware
WR1,Steve Smith
WR2,Hakeem Nicks
WR3,Mario Manningham
WR4,Victor Cruz
TE1,Kevin Boss
TE2,Travis Beckum
QB1,Matthew Stafford
QB2,Shaun Hill
RB1,Jahvid Best
RB2,Kevin Smith
RB3,Maurice Morris
WR1,Calvin Johnson
WR2,Nate Burleson
WR3,Bryant Johnson
WR4,Derrick Williams
TE1,Tony Scheffler
TE2,Brandon Pettigrew
QB1,Matt Moore
QB2,Jimmy Clausen
RB1,DeAngelo Williams
RB2,Jonathan Stewart
RB3,Tyrell Sutton
WR1,Steve Smith
WR2,Dwayne Jarrett
WR3,Brandon LaFell
WR4,Armanti Edwards
TE1,Jeff King
TE2,Gary Barnidge
QB1,Alex Smith
QB2,David Carr
RB1,Frank Gore
RB2,Brian Westbrook
RB3,Anthony Dixon
WR1,Michael Crabtree
WR2,Josh Morgan
WR3,Ted Ginn Jr.
WR4,Jason Hill
TE1,Vernon Davis
TE2,Delanie Walker
QB1,Tom Brady
QB2,Brian Hoyer
RB1,Laurence Maroney
RB2,Fred Taylor
RB3,Sammy Morris
WR1,Randy Moss
WR2,Wes Welker
WR3,Julian Edelman
WR4,Brandon Tate
TE1,Rob Gronkowski
TE2,Aaron Hernandez
QB1,Jake Delhomme
QB2,Seneca Wallace
RB1,Jerome Harrison
RB2,Peyton Hillis
RB3,James Davis
WR1,Mohamed Massaquoi
WR2,Josh Cribbs
WR3,Chansi Stuckey
WR4,Brian Robiskie
TE1,Benjamin Watson
TE2,Evan Moore
QB1,David Garrard
QB2,Luke McCown
RB1,Maurice Jones-Drew
RB2,Rashad Jennings
RB3,Deji Karim
WR1,Mike Sims-Walker
WR2,Mike Thomas
WR3,Jarett Dillard
WR4,Kassim Osgood
TE1,Marcedes Lewis
TE2,Zach Miller
QB1,Jason Campbell
QB2,Bruce Gradkowski
RB1,Darren McFadden
RB2,Michael Bush
RB3,Rock Cartwright
WR1,Louis Murphy
WR2,Darrius Heyward-Bey
WR3,Johnnie Lee Higgins
WR4,Chaz Schilens
TE1,Zach Miller
TE2,Brandon Myers
QB1,Kevin Kolb
QB2,Michael Vick
RB1,LeSean McCoy
RB2,Mike Bell
RB3,Leonard Weaver
WR1,DeSean Jackson
WR2,Jeremy Maclin
WR3,Jason Avant
WR4,Riley Cooper
TE1,Brent Celek
TE2,Cornelius Ingram
QB1,Aaron Rodgers
QB2,Matt Flynn
RB1,Ryan Grant
RB2,Brandon Jackson
RB3,John Kuhn
WR1,Greg Jennings
WR2,Donald Driver
WR3,James Jones
WR4,Jordy Nelson
TE1,Jermichael Finley
TE2,Donald Lee
QB1,Drew Brees
QB2,Patrick Ramsey
RB1,Pierre Thomas
RB2,Reggie Bush
RB3,Chris Ivory
WR1,Marques Colston
WR2,Robert Meachem
WR3,Devery Henderson
WR4,Lance Moore
TE1,Jeremy Shockey
TE2,David Thomas
QB1,Matt Hasselbeck
QB2,Charlie Whitehurst
RB1,Justin Forsett
RB2,Leon Washington
RB3,Julius Jones
WR1,Mike Williams
WR2,Deion Branch
WR3,Deon Butler
WR4,Golden Tate
TE1,John Carlson
TE2,Chris Baker
QB1,Mark Sanchez
QB2,Mark Brunell
RB1,Shonn Greene
RB2,LaDainian Tomlinson
RB3,Joe McKnight
WR1,Braylon Edwards
WR2,Santonio Holmes*
WR3,Jerricho Cotchery
WR4,David Clowney
TE1,Dustin Keller
TE2,Ben Hartsock
QB1,Ben Roethlisberger*
QB2,Dennis Dixon
RB1,Rashard Mendenhall
RB2,Mewelde Moore
RB3,Isaac Redman
WR1,Hines Ward
WR2,Mike Wallace
WR3,Antwaan Randle El
WR4,Arnaz Battle
TE1,Heath Miller
TE2,Matt Spaeth
QB1,Vince Young
QB2,Kerry Collins
RB1,Chris Johnson
RB2,Javon Ringer
RB3,Ahmard Hall
WR1,Kenny Britt
WR2,Nate Washington
WR3,Justin Gage
WR4,Lavelle Hawkins
TE1,Bo Scaife
TE2,Jared Cook
QB1,Philip Rivers
QB2,Billy Volek
RB1,Ryan Mathews
RB2,Darren Sproles
RB3,Mike Tolbert
WR1,Malcom Floyd
WR2,Legedu Naanee
WR3,Vincent Jackson +
WR4,Patrick Crayton
TE1,Antonio Gates
TE2,Randy McMichael
QB1,Donovan McNabb
QB2,Rex Grossman
RB1,Clinton Portis
RB2,Larry Johnson
RB3,Keiland Williams
WR1,Santana Moss
WR2,Joey Galloway
WR3,Devin Thomas
WR4,Anthony Armstrong
TE1,Chris Cooley
TE2,Fred Davis
QB1,Brett Favre
QB2,Tarvaris Jackson
RB1,Adrian Peterson
RB2,Toby Gerhart
RB3,Albert Young
WR1,Percy Harvin
WR2,Bernard Berrian
WR3,Greg Camarillo
WR4,Sidney Rice
TE1,Visanthe Shiancoe
TE2,Jim Kleinsasser
QB1,Josh Freeman
QB2,Josh Johnson
RB1,Cadillac Williams
RB2,Kareem Huggins
RB3,Earnest Graham
WR1,Mike Williams
WR2,Sammie Stroughter
WR3,Maurice Stovall
WR4,Reggie Brown
TE1,Kellen Winslow
TE2,Jerramy Stevens
QB1,Sam Bradford
QB2,A.J. Feeley
RB1,Steven Jackson
RB2,Kenneth Darby
RB3,Chris Ogbonnaya
WR1,Laurent Robinson
WR2,Mark Clayton
WR3,Danny Amendola
WR4,Mardy Gilyard
TE1,Daniel Fells
TE2,Michael Hoomanawanui