rank,"name,team",position
1. (13),"Aaron Rodgers, GB",QB
2. (14),"Drew Brees, NO",QB
3. (21),"Peyton Manning, IND",QB
4. (25),"Tom Brady, NE",QB
5. (35),"Matt Schaub, HOU",QB
6. (43),"Philip Rivers, SD",QB
7. (44),"Tony Romo, DAL",QB
8. (47),"Brett Favre, MIN",QB
9. (80),"Jay Cutler, CHI",QB
10. (82),"Joe Flacco, BAL",QB
11. (90),"Eli Manning, NYG",QB
12. (102),"Donovan McNabb, WAS",QB
13. (117),"Kevin Kolb, PHI",QB
14. (124),"Matt Ryan, ATL",QB
15. (141),"Vince Young, TEN",QB
16. (161),"David Garrard, JAC",QB
17. (172),"Chad Henne, MIA",QB
18. (181),"Matthew Stafford, DET",QB
19. (187),"Kyle Orton, DEN",QB
20. (194),"Jason Campbell, OAK",QB
21. (202),"Carson Palmer, CIN",QB
22. (210),"Ben Roethlisberger, PIT",QB
23. (215),"Mark Sanchez, NYJ",QB
24. (220),"Matt Cassel, KC",QB
25. (225),"Alex Smith, SF",QB
26. (228),"Josh Freeman, TB",QB
27. (233),"Matt Hasselbeck, SEA",QB
28. (238),"Sam Bradford, STL",QB
29. (243),"Matt Moore, CAR",QB
30. (248),"Derek Anderson, ARI",QB
31. (253),"Jake Delhomme, CLE",QB
32. (257),"Trent Edwards, BUF",QB
33. (262),"Michael Vick, PHI",QB
34. (266),"Ryan Fitzpatrick, BUF",QB
35. (271),"Dennis Dixon, PIT",QB
36. (276),"Seneca Wallace, CLE",QB
37. (281),"Brady Quinn, DEN",QB
38. (286),"Charlie Whitehurst, SEA",QB
39. (291),"David Carr, SF",QB
40. (295),"Jimmy Clausen, CAR",QB
1. (17),"Dallas Clark, IND",TE
2. (22),"Antonio Gates, SD",TE
3. (37),"Tony Gonzalez, ATL",TE
4. (40),"Jermichael Finley, GB",TE
5. (42),"Vernon Davis, SF",TE
6. (45),"Jason Witten, DAL",TE
7. (48),"Brent Celek, PHI",TE
8. (56),"Kellen Winslow, TB",TE
9. (58),"Chris Cooley, WAS",TE
10. (67),"Owen Daniels, HOU",TE
11. (98),"Zach Miller, OAK",TE
12. (77),"Visanthe Shiancoe, MIN",TE
13. (127),"Heath Miller, PIT",TE
14. (113),"John Carlson, SEA",TE
15. (123),"Greg Olsen, CHI",TE
16. (165),"Kevin Boss, NYG",TE
17. (196),"Fred Davis, WAS",TE
18. (192),"Jeremy Shockey, NO",TE
19. (226),"Dustin Keller, NYJ",TE
20. (230),"Tony Scheffler, DET",TE
21. (179),"Marcedes Lewis, JAC",TE
22. (205),"Benjamin Watson, CLE",TE
23. (241),"Jermaine Gresham, CIN",TE
24. (245),"Bo Scaife, TEN",TE
25. (237),"Todd Heap, BAL",TE
26. (254),"Anthony Fasano, MIA",TE
27. (249),"Brandon Pettigrew, DET",TE
28. (235),"David Thomas, NO",TE
29. (265),"Shawn Nelson, BUF",TE
30. (270),"Aaron Hernandez, NE",TE
1. (1),"Chris Johnson, TEN",RB
2. (2),"Ray Rice, BAL",RB
3. (3),"Adrian Peterson, MIN",RB
4. (5),"Maurice Jones-Drew, JAC",RB
5. (9),"Steven Jackson, STL",RB
6. (16),"Frank Gore, SF",RB
7. (23),"LeSean McCoy, PHI",RB
8. (27),"Pierre Thomas, NO",RB
9. (29),"Joseph Addai, IND",RB
10. (32),"Jamaal Charles, KC",RB
11. (33),"Rashard Mendenhall, PIT",RB
12. (34),"DeAngelo Williams, CAR",RB
13. (38),"Matt Forte, CHI",RB
14. (41),"Michael Turner, ATL",RB
15. (46),"Ryan Mathews, SD",RB
16. (50),"Ryan Grant, GB",RB
17. (52),"Knowshon Moreno, DEN",RB
18. (53),"Jonathan Stewart, CAR",RB
19. (59),"Justin Forsett, SEA",RB
20. (61),"Felix Jones, DAL",RB
21. (62),"Jerome Harrison, CLE",RB
22. (64),"Reggie Bush, NO",RB
23. (65),"C.J. Spiller, BUF",RB
24. (71),"Beanie Wells, ARI",RB
25. (72),"Arian Foster, HOU",RB
26. (75),"Ricky Williams, MIA",RB
27. (76),"Cedric Benson, CIN",RB
28. (79),"Darren Sproles, SD",RB
29. (83),"Shonn Greene, NYJ",RB
30. (84),"Jahvid Best, DET",RB
31. (85),"Steve Slaton, HOU",RB
32. (86),"Chester Taylor, CHI",RB
33. (88),"Brandon Jacobs, NYG",RB
34. (89),"Ronnie Brown, MIA",RB
35. (97),"Leon Washington, SEA",RB
36. (106),"Tim Hightower, ARI",RB
37. (111),"Darren McFadden, OAK",RB
38. (118),"Ahmad Bradshaw, NYG",RB
39. (121),"Cadillac Williams, TB",RB
40. (126),"Clinton Portis, WAS",RB
41. (128),"Marion Barber, DAL",RB
42. (130),"Donald Brown, IND",RB
43. (131),"Correll Buckhalter, DEN",RB
44. (132),"LaDainian Tomlinson, NYJ",RB
45. (133),"Kevin Smith, DET",RB
46. (135),"Laurence Maroney, NE",RB
47. (134),"Thomas Jones, KC",RB
48. (162),"Derrick Ward, HOU",RB
49. (163),"Kevin Faulk, NE",RB
50. (164),"Kareem Huggins, TB",RB
51. (166),"Michael Bush, OAK",RB
52. (183),"Willis McGahee, BAL",RB
53. (197),"Fred Jackson, BUF",RB
54. (199),"Brian Westbrook, SF",RB
55. (206),"Joe McKnight, NYJ",RB
56. (208),"Lex Hilliard, MIA",RB
57. (216),"Mewelde Moore, PIT",RB
58. (218),"Albert Young, MIN",RB
59. (221),"Marshawn Lynch, BUF",RB
60. (222),"Sammy Morris, NE",RB
61. (223),"Maurice Morris, DET",RB
62. (234),"Larry Johnson, WAS",RB
63. (240),"Leonard Weaver, PHI",RB
64. (246),"Tashard Choice, DAL",RB
65. (250),"Jason Snelling, ATL",RB
66. (252),"Bernard Scott, CIN",RB
67. (255),"Jerious Norwood, ATL",RB
68. (256),"Rashad Jennings, JAC",RB
69. (260),"Fred Taylor, NE",RB
70. (261),"Anthony Dixon, SF",RB
71. (263),"LaRod Stephens-Howling, ARI",RB
72. (268),"James Davis, CLE",RB
73. (272),"Peyton Hillis, CLE",RB
74. (277),"Mike Tolbert, SD",RB
75. (278),"Brandon Jackson, GB",RB
76. (279),"Mike Bell, PHI",RB
77. (280),"Javon Ringer, TEN",RB
78. (289),"LeGarrette Blount, TB",RB
79. (290),"Le'Ron McClain, BAL",RB
80. (292),"Danny Ware, NYG",RB
1. (4),"Andre Johnson, HOU",WR
2. (6),"Randy Moss, NE",WR
3. (7),"Brandon Marshall, MIA",WR
4. (8),"Reggie Wayne, IND",WR
5. (10),"Roddy White, ATL",WR
6. (11),"Larry Fitzgerald, ARI",WR
7. (12),"Miles Austin, DAL",WR
8. (15),"Calvin Johnson, DET",WR
9. (18),"Steve Smith, NYG",WR
10. (19),"Greg Jennings, GB",WR
11. (20),"Marques Colston, NO",WR
12. (24),"Steve Smith, CAR",WR
13. (26),"Chad Ochocinco, CIN",WR
14. (28),"Wes Welker, NE",WR
15. (30),"Hines Ward, PIT",WR
16. (31),"DeSean Jackson, PHI",WR
17. (36),"Anquan Boldin, BAL",WR
18. (39),"Dwayne Bowe, KC",WR
19. (49),"Percy Harvin, MIN",WR
20. (51),"Mike Sims-Walker, JAC",WR
21. (54),"Michael Crabtree, SF",WR
22. (55),"Donald Driver, GB",WR
23. (57),"Santana Moss, WAS",WR
24. (60),"Mike Wallace, PIT",WR
25. (63),"Jeremy Maclin, PHI",WR
26. (66),"Hakeem Nicks, NYG",WR
27. (68),"Steve Breaston, ARI",WR
28. (69),"Bernard Berrian, MIN",WR
29. (70),"Pierre Garcon, IND",WR
30. (73),"Laurent Robinson, STL",WR
31. (74),"Malcom Floyd, SD",WR
32. (78),"Derrick Mason, BAL",WR
33. (81),"Robert Meachem, NO",WR
34. (87),"Mike Williams, TB",WR
35. (91),"Braylon Edwards, NYJ",WR
36. (92),"Terrell Owens, CIN",WR
37. (93),"Lee Evans, BUF",WR
38. (94),"Mike Williams, SEA",WR
39. (95),"Austin Collie, IND",WR
40. (96),"Mario Manningham, NYG",WR
41. (99),"Devery Henderson, NO",WR
42. (100),"Kevin Walter, HOU",WR
43. (101),"Johnny Knox, CHI",WR
44. (103),"Eddie Royal, DEN",WR
45. (104),"Dez Bryant, DAL",WR
46. (105),"Santonio Holmes, NYJ",WR
47. (107),"Nate Burleson, DET",WR
48. (108),"Early Doucet, ARI",WR
49. (109),"Devin Aromashodu, CHI",WR
50. (110),"Jabar Gaffney, DEN",WR
51. (114),"Jerricho Cotchery, NYJ",WR
52. (115),"Mike Thomas, JAC",WR
53. (116),"Mohamed Massaquoi, CLE",WR
54. (119),"Kenny Britt, TEN",WR
55. (120),"Vincent Jackson, SD",WR
56. (122),"Legedu Naanee, SD",WR
57. (125),"Chris Chambers, KC",WR
58. (129),"Golden Tate, SEA",WR
59. (136),"Joey Galloway, WAS",WR
60. (138),"Josh Morgan, SF",WR
61. (140),"Louis Murphy, OAK",WR
62. (137),"Earl Bennett, CHI",WR
63. (139),"Deon Butler, SEA",WR
64. (167),"Julian Edelman, NE",WR
65. (168),"Jacoby Jones, HOU",WR
66. (169),"Antwaan Randle El, PIT",WR
67. (170),"Sidney Rice, MIN",WR
68. (171),"Nate Washington, TEN",WR
69. (173),"Lance Moore, NO",WR
70. (174),"Steve Johnson, BUF",WR
71. (175),"Dexter McCluster, KC",WR
72. (176),"Anthony Gonzalez, IND",WR
73. (177),"Michael Jenkins, ATL",WR
74. (178),"Devin Hester, CHI",WR
75. (180),"Davone Bess, MIA",WR
76. (182),"Demaryius Thomas, DEN",WR
77. (184),"Greg Camarillo, MIN",WR
78. (185),"Sammie Stroughter, TB",WR
79. (186),"Devin Thomas, WAS",WR
80. (188),"Justin Gage, TEN",WR
81. (191),"Darrius Heyward-Bey, OAK",WR
82. (193),"Chaz Schilens, OAK",WR
83. (195),"Jordy Nelson, GB",WR
84. (267),"Jason Avant, PHI",WR
85. (203),"Josh Cribbs, CLE",WR
1. (112),New York Jets,ST
2. (142),Philadelphia Eagles,ST
3. (143),Green Bay Packers,ST
4. (144),Baltimore Ravens,ST
5. (145),Dallas Cowboys,ST
6. (146),San Francisco 49ers,ST
7. (147),Minnesota Vikings,ST
8. (148),Pittsburgh Steelers,ST
9. (149),Cincinnati Bengals,ST
10. (150),New Orleans Saints,ST
11. (189),Denver Broncos,ST
12. (190),New York Giants,ST
13. (198),New England Patriots,ST
14. (200),Cleveland Browns,ST
15. (201),Houston Texans,ST
1. (151),"Nate Kaeding, SD",K
2. (152),"Stephen Gostkowski, NE",K
3. (153),"Ryan Longwell, MIN",K
4. (154),"Rob Bironas, TEN",K
5. (155),"David Akers, PHI",K
6. (156),"Mason Crosby, GB",K
7. (157),"Garrett Hartley, NO",K
8. (158),"Matt Prater, DEN",K
9. (159),"Jay Feely, ARI",K
10. (160),"Robbie Gould, CHI",K