position rank,name team
1. (RB1),"Christian McCaffrey, CAR"
2. (RB2),"Saquon Barkley, NYG"
3. (RB3),"Ezekiel Elliott, DAL"
4. (RB4),"Dalvin Cook, MIN"
5. (RB5),"Alvin Kamara, NO"
6. (WR1),"Michael Thomas, NO"
7. (RB6),"Derrick Henry, TEN"
8. (RB7),"Clyde Edwards-Helaire, KC"
9. (RB8),"Miles Sanders, PHI"
10. (RB9),"Kenyan Drake, ARI"
11. (RB10),"Josh Jacobs, LV"
12. (RB11),"Nick Chubb, CLE"
13. (RB12),"Austin Ekeler, LAC"
14. (RB13),"Joe Mixon, CIN"
15. (RB14),"Aaron Jones, GB"
16. (WR2),"Davante Adams, GB"
17. (WR3),"Julio Jones, ATL"
18. (WR4),"Tyreek Hill, KC"
19. (WR5),"DeAndre Hopkins, ARI"
20. (TE1),"Travis Kelce, KC"
21. (WR6),"Chris Godwin, TB"
22. (WR7),"Mike Evans, TB"
23. (TE2),"George Kittle, SF"
24. (WR8),"Kenny Golladay, DET"
25. (WR9),"DJ Moore, CAR"
26. (WR10),"Adam Thielen, MIN"
27. (WR11),"Allen Robinson II, CHI"
28. (WR12),"Amari Cooper, DAL"
29. (WR13),"JuJu Smith-Schuster, PIT"
30. (WR14),"Odell Beckham Jr., CLE"
31. (WR15),"Courtland Sutton, DEN"
32. (WR16),"Calvin Ridley, ATL"
33. (WR17),"A.J. Brown, TEN"
34. (QB1),"Lamar Jackson, BAL"
35. (QB2),"Patrick Mahomes, KC"
36. (WR18),"Robert Woods, LAR"
37. (WR19),"Tyler Lockett, SEA"
38. (WR20),"Cooper Kupp, LAR"
39. (RB15),"Chris Carson, SEA"
40. (RB16),"David Johnson, HOU"
41. (TE3),"Mark Andrews, BAL"
42. (TE4),"Zach Ertz, PHI"
43. (RB17),"Todd Gurley II, ATL"
44. (RB18),"James Conner, PIT"
45. (RB19),"Melvin Gordon, DEN"
46. (RB20),"Jonathan Taylor, IND"
47. (RB21),"Le'Veon Bell, NYJ"
48. (RB22),"Cam Akers, LAR"
49. (RB23),"Kareem Hunt, CLE"
50. (WR21),"Terry McLaurin, WAS"
51. (WR22),"Keenan Allen, LAC"
52. (WR23),"T.Y. Hilton, IND"
53. (WR24),"Jarvis Landry, CLE"
54. (WR25),"DJ Chark Jr., JAC"
55. (WR26),"DK Metcalf, SEA"
56. (RB24),"Antonio Gibson, WAS"
57. (RB25),"Devin Singletary, BUF"
58. (RB26),"David Montgomery, CHI"
59. (RB27),"Raheem Mostert, SF"
60. (RB28),"Tarik Cohen, CHI"
61. (WR27),"DeVante Parker, MIA"
62. (WR28),"Tyler Boyd, CIN"
63. (WR29),"A.J. Green, CIN"
64. (WR30),"Michael Gallup, DAL"
65. (WR31),"Stefon Diggs, BUF"
66. (WR32),"Will Fuller V, HOU"
67. (WR33),"Marquise Brown, BAL"
68. (WR34),"Deebo Samuel, SF"
69. (TE5),"Darren Waller, LV"
70. (RB29),"Mark Ingram II, BAL"
71. (RB30),"Ronald Jones II, TB"
72. (RB31),"Leonard Fournette, TB"
73. (QB3),"Deshaun Watson, HOU"
74. (QB4),"Kyler Murray, ARI"
75. (QB5),"Dak Prescott, DAL"
76. (QB6),"Russell Wilson, SEA"
77. (WR35),"Julian Edelman, NE"
78. (WR36),"Sterling Shepard, NYG"
79. (WR37),"Marvin Jones Jr., DET"
80. (WR38),"Brandin Cooks, HOU"
81. (WR39),"Diontae Johnson, PIT"
82. (TE6),"Evan Engram, NYG"
83. (TE7),"Tyler Higbee, LAR"
84. (RB32),"D'Andre Swift, DET"
85. (RB33),"Kerryon Johnson, DET"
86. (RB34),"Phillip Lindsay, DEN"
87. (RB35),"James White, NE"
88. (RB36),"Jordan Howard, MIA"
89. (RB37),"Matt Breida, MIA"
90. (RB38),"J.K. Dobbins, BAL"
91. (RB39),"Zack Moss, BUF"
92. (RB40),"Darrell Henderson Jr., LAR"
93. (WR40),"Jamison Crowder, NYJ"
94. (WR41),"Christian Kirk, ARI"
95. (WR42),"Preston Williams, MIA"
96. (WR43),"Golden Tate, NYG"
97. (WR44),"Darius Slayton, NYG"
98. (WR45),"Robby Anderson, CAR"
99. (WR46),"John Brown, BUF"
100. (WR47),"Emmanuel Sanders, NO"
101. (WR48),"Henry Ruggs III, LV"
102. (WR49),"Jerry Jeudy, DEN"
103. (RB41),"Duke Johnson, HOU"
104. (RB42),"Tevin Coleman, SF"
105. (RB43),"Alexander Mattison, MIN"
106. (WR50),"DeSean Jackson, PHI"
107. (WR51),"Breshad Perriman, NYJ"
108. (WR52),"Mike Williams, LAC"
109. (WR53),"CeeDee Lamb, DAL"
110. (TE8),"Hunter Henry, LAC"
111. (TE9),"Jared Cook, NO"
112. (TE10),"Noah Fant, DEN"
113. (TE11),"Rob Gronkowski, TB"
114. (TE12),"Hayden Hurst, ATL"
115. (TE13),"T.J. Hockenson, DET"
116. (QB7),"Matt Ryan, ATL"
117. (QB8),"Tom Brady, TB"
118. (QB9),"Carson Wentz, PHI"
119. (QB10),"Josh Allen, BUF"
120. (QB11),"Drew Brees, NO"
121. (QB12),"Matthew Stafford, DET"
122. (QB13),"Aaron Rodgers, GB"
123. (WR54),"N'Keal Harry, NE"
124. (WR55),"Mecole Hardman, KC"
125. (WR56),"Curtis Samuel, CAR"
126. (WR57),"Anthony Miller, CHI"
127. (WR58),"Justin Jefferson, MIN"
128. (RB44),"Latavius Murray, NO"
129. (RB45),"Tony Pollard, DAL"
130. (RB46),"Chase Edmonds, ARI"
131. (RB47),"Chris Thompson, JAC"
132. (RB48),"Nyheim Hines, IND"
133. (RB49),"Marlon Mack, IND"
134. (TE14),"Mike Gesicki, MIA"
135. (TE15),"Chris Herndon, NYJ"
136. (TE16),"Austin Hooper, CLE"
137. (QB14),"Daniel Jones, NYG"
138. (QB15),"Cam Newton, NE"
139. (RB50),"James Robinson, JAC"
140. (RB51),"Sony Michel, NE"
141. (RB52),"Boston Scott, PHI"
142. (RB53),"Justin Jackson, LAC"
143. (RB54),"Darrynton Evans, TEN"
144. (WR59),"Parris Campbell, IND"
145. (WR60),"Brandon Aiyuk, SF"
146. (WR61),"Sammy Watkins, KC"
147. (WR62),"Randall Cobb, HOU"
148. (WR63),"Alshon Jeffery, PHI"
149. (WR64),"Larry Fitzgerald, ARI"
150. (WR65),"Jalen Reagor, PHI"
151. (WR66),"Michael Pittman Jr., IND"
152. (WR67),"Allen Lazard, GB"
153. (WR68),"Steven Sims Jr., WAS"
154. (WR69),"Denzel Mims, NYJ"
155. (RB55),"Jerick McKinnon, SF"
156. (RB56),"Joshua Kelley, LAC"
157. (RB57),"Benny Snell Jr., PIT"
158. (RB58),"Darrel Williams, KC"
159. (RB59),"AJ Dillon, GB"
160. (RB60),"Damien Harris, NE"
161. (TE17),"Jack Doyle, IND"
162. (TE18),"Eric Ebron, PIT"
163. (TE19),"Irv Smith Jr., MIN"
164. (QB16),"Ben Roethlisberger, PIT"
165. (QB17),"Ryan Tannehill, TEN"
166. (QB18),"Jared Goff, LAR"
167. (QB19),"Baker Mayfield, CLE"
168. (QB20),"Jimmy Garoppolo, SF"
169. (DST1),"Steelers D/ST, PIT"
170. (DST2),"Bills D/ST, BUF"
171. (DST3),"49ers D/ST, SF"
172. (DST4),"Ravens D/ST, BAL"
173. (DST5),"Patriots D/ST, NE"
174. (DST6),"Colts D/ST, IND"
175. (DST7),"Bears D/ST, CHI"
176. (DST8),"Vikings D/ST, MIN"
177. (DST9),"Saints D/ST, NO"
178. (DST10),"Buccaneers D/ST, TB"
179. (DST11),"Chargers D/ST, LAC"
180. (DST12),"Titans D/ST, TEN"
181. (K1),"Justin Tucker, BAL"
182. (K2),"Harrison Butker, KC"
183. (K3),"Wil Lutz, NO"
184. (K4),"Matt Prater, DET"
185. (K5),"Chris Boswell, PIT"
186. (K6),"Greg Zuerlein, DAL"
187. (K7),"Robbie Gould, SF"
188. (K8),"Zane Gonzalez, ARI"
189. (K9),"Jake Elliott, PHI"
190. (K10),"Austin Seibert, CLE"
191. (K11),"Rodrigo Blankenship, IND"
192. (K12),"Ka'imi Fairbairn, HOU"
193. (TE20),"Dallas Goedert, PHI"
194. (WR70),"Tee Higgins, CIN"
195. (WR71),"Van Jefferson, LAR"
196. (WR72),"Chase Claypool, PIT"
197. (WR73),"Laviska Shenault Jr., JAC"
198. (WR74),"Bryan Edwards, LV"
199. (RB61),"Devine Ozigbo, JAC"
200. (RB62),"Carlos Hyde, SEA"
201. (RB63),"LeSean McCoy, TB"
202. (RB64),"Jamaal Williams, GB"
203. (RB65),"Giovani Bernard, CIN"
204. (RB66),"Brian Hill, ATL"
205. (RB67),"Bryce Love, WAS"
206. (RB68),"Malcolm Brown, LAR"
207. (RB69),"Jalen Richard, LV"
208. (RB70),"Adrian Peterson, DET"
209. (RB71),"Rex Burkhead, NE"
210. (TE21),"Jonnu Smith, TEN"
211. (TE22),"Blake Jarwin, DAL"
212. (QB21),"Kirk Cousins, MIN"
213. (WR75),"James Washington, PIT"
214. (WR76),"Russell Gage, ATL"
215. (WR77),"Cole Beasley, BUF"
216. (WR78),"Danny Amendola, DET"
217. (WR79),"Hunter Renfrow, LV"
218. (WR80),"Dede Westbrook, JAC"
219. (QB22),"Gardner Minshew II, JAC"
220. (QB23),"Joe Burrow, CIN"
221. (DST13),"Cowboys D/ST, DAL"
222. (DST14),"Broncos D/ST, DEN"
223. (K13),"Brandon McManus, DEN"
224. (K14),"Younghoe Koo, ATL"
225. (WR81),"Corey Davis, TEN"
226. (WR82),"Trent Taylor, SF"
227. (WR83),"Scotty Miller, TB"
228. (WR84),"Antonio Brown, FA"
229. (WR85),"Devin Duvernay, BAL"
230. (WR86),"Jakeem Grant, MIA"
231. (WR87),"Adam Humphries, TEN"
232. (WR88),"Damiere Byrd, NE"
233. (WR89),"Marquez Valdes-Scantling, GB"
234. (WR90),"Antonio Gandy-Golden, WAS"
235. (RB72),"Anthony McFarland Jr., PIT"
236. (RB73),"La'Mical Perine, NYJ"
237. (RB74),"Ke'Shawn Vaughn, TB"
238. (RB75),"Devonta Freeman, FA"
239. (RB76),"Ito Smith, ATL"
240. (RB77),"Gus Edwards, BAL"
241. (RB78),"J.D. McKissic, WAS"
242. (RB79),"Frank Gore, NYJ"
243. (QB24),"Drew Lock, DEN"
244. (QB25),"Derek Carr, LV"
245. (QB26),"Philip Rivers, IND"
246. (TE23),"Ian Thomas, CAR"
247. (TE24),"Tyler Eifert, JAC"
248. (TE25),"Jimmy Graham, CHI"
249. (TE26),"Dawson Knox, BUF"
250. (RB80),"Jaylen Samuels, PIT"
251. (WR91),"Chris Conley, JAC"
252. (WR92),"Josh Reynolds, LAR"
253. (DST15),"Seahawks D/ST, SEA"
254. (DST16),"Rams D/ST, LAR"
255. (K15),"Sam Sloman, LAR"
256. (K16),"Dan Bailey, MIN"
257. (TE27),"Kyle Rudolph, MIN"
258. (TE28),"Will Dissly, SEA"
259. (TE29),"Greg Olsen, SEA"
260. (WR93),"Ted Ginn Jr., CHI"
261. (WR94),"Kenny Stills, HOU"
262. (WR95),"John Ross III, CIN"
263. (WR96),"Andy Isabella, ARI"
264. (RB81),"Mike Davis, CAR"
265. (RB82),"Rashaad Penny, SEA"
266. (QB27),"Sam Darnold, NYJ"
267. (QB28),"Teddy Bridgewater, CAR"
268. (QB29),"Dwayne Haskins Jr., WAS"
269. (QB30),"Tyrod Taylor, LAC"
270. (QB31),"Tua Tagovailoa, MIA"
271. (WR97),"Miles Boykin, BAL"
272. (WR98),"KJ Hamler, DEN"
273. (WR99),"Demarcus Robinson, KC"
274. (WR100),"J.J. Arcega-Whiteside, PHI"
275. (WR101),"Gunner Olszewski, NE"
276. (RB83),"Wayne Gallman, NYG"
277. (RB84),"Dion Lewis, NYG"
278. (RB85),"Peyton Barber, WAS"
279. (RB86),"Ryquell Armstead, JAC"
280. (RB87),"Devontae Booker, LV"
281. (RB88),"Royce Freeman, DEN"
282. (RB89),"Trayveon Williams, CIN"
283. (RB90),"Myles Gaskin, MIA"
284. (WR102),"Jalen Guyton, LAC"
285. (DST17),"Eagles D/ST, PHI"
286. (DST18),"Lions D/ST, DET"
287. (K17),"Mason Crosby, GB"
288. (K18),"Jason Myers, SEA"
289. (TE30),"Jordan Akins, HOU"
290. (TE31),"Gerald Everett, LAR"
291. (TE32),"Dan Arnold, ARI"
292. (TE33),"C.J. Uzomah, CIN"
293. (TE34),"O.J. Howard, TB"
294. (WR103),"Chris Hogan, NYJ"
295. (WR104),"Jakobi Meyers, NE"
296. (QB32),"Mitchell Trubisky, CHI"
297. (DST19),"Browns D/ST, CLE"
298. (DST20),"Chiefs D/ST, KC"
299. (DST21),"Bengals D/ST, CIN"
300. (DST22),"Dolphins D/ST, MIA"