position rank,name team
1. (RB1),"Christian McCaffrey, CAR"
2. (RB2),"Dalvin Cook, MIN"
3. (RB3),"Saquon Barkley, NYG"
4. (RB4),"Alvin Kamara, NO"
5. (RB5),"Derrick Henry, TEN"
6. (TE1),"Travis Kelce, KC"
7. (WR1),"Davante Adams, GB"
8. (RB6),"Ezekiel Elliott, DAL"
9. (RB7),"Jonathan Taylor, IND"
10. (RB8),"Austin Ekeler, LAC"
11. (RB9),"Aaron Jones, GB"
12. (RB10),"Nick Chubb, CLE"
13. (WR2),"Tyreek Hill, KC"
14. (RB11),"Antonio Gibson, WAS"
15. (RB12),"Najee Harris, PIT"
16. (WR3),"Stefon Diggs, BUF"
17. (WR4),"DeAndre Hopkins, ARI"
18. (WR5),"Calvin Ridley, ATL"
19. (WR6),"DK Metcalf, SEA"
20. (WR7),"A.J. Brown, TEN"
21. (WR8),"Justin Jefferson, MIN"
22. (RB13),"Joe Mixon, CIN"
23. (RB14),"Clyde Edwards-Helaire, KC"
24. (TE2),"Darren Waller, LV"
25. (WR9),"Terry McLaurin, WAS"
26. (WR10),"Keenan Allen, LAC"
27. (WR11),"Allen Robinson II, CHI"
28. (WR12),"CeeDee Lamb, DAL"
29. (TE3),"George Kittle, SF"
30. (RB15),"James Robinson, JAC"
31. (RB16),"David Montgomery, CHI"
32. (RB17),"Miles Sanders, PHI"
33. (WR13),"Robert Woods, LAR"
34. (WR14),"Mike Evans, TB"
35. (WR15),"Amari Cooper, DAL"
36. (RB18),"D'Andre Swift, DET"
37. (RB19),"J.K. Dobbins, BAL"
38. (WR16),"Adam Thielen, MIN"
39. (WR17),"Chris Godwin, TB"
40. (WR18),"Tyler Lockett, SEA"
41. (WR19),"Diontae Johnson, PIT"
42. (WR20),"Cooper Kupp, LAR"
43. (WR21),"Julio Jones, TEN"
44. (WR22),"DJ Moore, CAR"
45. (WR23),"Brandon Aiyuk, SF"
46. (WR24),"Tee Higgins, CIN"
47. (RB20),"Chris Carson, SEA"
48. (RB21),"Josh Jacobs, LV"
49. (QB1),"Patrick Mahomes, KC"
50. (QB2),"Josh Allen, BUF"
51. (RB22),"Chase Edmonds, ARI"
52. (RB23),"Javonte Williams, DEN"
53. (RB24),"Kareem Hunt, CLE"
54. (RB25),"Myles Gaskin, MIA"
55. (WR25),"Kenny Golladay, NYG"
56. (WR26),"Courtland Sutton, DEN"
57. (WR27),"Odell Beckham Jr., CLE"
58. (WR28),"JuJu Smith-Schuster, PIT"
59. (WR29),"Robby Anderson, CAR"
60. (TE4),"Mark Andrews, BAL"
61. (TE5),"T.J. Hockenson, DET"
62. (TE6),"Kyle Pitts, ATL"
63. (QB3),"Kyler Murray, ARI"
64. (WR30),"Jerry Jeudy, DEN"
65. (WR31),"Chase Claypool, PIT"
66. (WR32),"Ja'Marr Chase, CIN"
67. (QB4),"Dak Prescott, DAL"
68. (QB5),"Lamar Jackson, BAL"
69. (RB26),"Mike Davis, ATL"
70. (RB27),"Damien Harris, NE"
71. (RB28),"Sony Michel, LAR"
72. (WR33),"Will Fuller V, MIA"
73. (WR34),"Brandin Cooks, HOU"
74. (WR35),"Tyler Boyd, CIN"
75. (WR36),"Laviska Shenault Jr., JAC"
76. (WR37),"Michael Gallup, DAL"
77. (TE7),"Logan Thomas, WAS"
78. (WR38),"DeVonta Smith, PHI"
79. (WR39),"Deebo Samuel, SF"
80. (QB6),"Aaron Rodgers, GB"
81. (QB7),"Russell Wilson, SEA"
82. (QB8),"Justin Herbert, LAC"
83. (TE8),"Noah Fant, DEN"
84. (WR40),"Michael Thomas, NO"
85. (WR41),"DJ Chark Jr., JAC"
86. (WR42),"Marvin Jones Jr., JAC"
87. (WR43),"Corey Davis, NYJ"
88. (WR44),"Marquise Brown, BAL"
89. (WR45),"Jarvis Landry, CLE"
90. (WR46),"Curtis Samuel, WAS"
91. (WR47),"Mike Williams, LAC"
92. (WR48),"Antonio Brown, TB"
93. (RB29),"Darrell Henderson Jr., LAR"
94. (RB30),"Raheem Mostert, SF"
95. (WR49),"Jaylen Waddle, MIA"
96. (WR50),"Henry Ruggs III, LV"
97. (RB31),"Leonard Fournette, TB"
98. (RB32),"Kenyan Drake, LV"
99. (RB33),"Zack Moss, BUF"
100. (RB34),"Melvin Gordon, DEN"
101. (RB35),"AJ Dillon, GB"
102. (RB36),"James Conner, ARI"
103. (RB37),"Michael Carter, NYJ"
104. (RB38),"Jamaal Williams, DET"
105. (TE9),"Dallas Goedert, PHI"
106. (TE10),"Robert Tonyan, GB"
107. (TE11),"Jonnu Smith, NE"
108. (TE12),"Mike Gesicki, MIA"
109. (QB9),"Tom Brady, TB"
110. (RB39),"Ronald Jones II, TB"
111. (RB40),"Trey Sermon, SF"
112. (RB41),"Nyheim Hines, IND"
113. (RB42),"Phillip Lindsay, HOU"
114. (QB10),"Jalen Hurts, PHI"
115. (QB11),"Ryan Tannehill, TEN"
116. (QB12),"Matthew Stafford, LAR"
117. (WR51),"Cole Beasley, BUF"
118. (WR52),"Michael Pittman Jr., IND"
119. (WR53),"DeVante Parker, MIA"
120. (WR54),"Marquez Callaway, NO"
121. (WR55),"Jakobi Meyers, NE"
122. (WR56),"Jalen Reagor, PHI"
123. (RB43),"Devin Singletary, BUF"
124. (RB44),"David Johnson, HOU"
125. (WR57),"Tyrell Williams, DET"
126. (WR58),"Parris Campbell, IND"
127. (WR59),"T.Y. Hilton, IND"
128. (WR60),"Mecole Hardman, KC"
129. (WR61),"Darnell Mooney, CHI"
130. (TE13),"Irv Smith Jr., MIN"
131. (TE14),"Tyler Higbee, LAR"
132. (TE15),"Evan Engram, NYG"
133. (QB13),"Joe Burrow, CIN"
134. (QB14),"Tua Tagovailoa, MIA"
135. (QB15),"Trevor Lawrence, JAC"
136. (RB45),"J.D. McKissic, WAS"
137. (RB46),"James White, NE"
138. (RB47),"Gus Edwards, BAL"
139. (RB48),"Malcolm Brown, MIA"
140. (RB49),"Tony Pollard, DAL"
141. (RB50),"Alexander Mattison, MIN"
142. (RB51),"Carlos Hyde, JAC"
143. (TE16),"Austin Hooper, CLE"
144. (TE17),"Hunter Henry, NE"
145. (TE18),"Rob Gronkowski, TB"
146. (QB16),"Baker Mayfield, CLE"
147. (QB17),"Justin Fields, CHI"
148. (QB18),"Trey Lance, SF"
149. (QB19),"Matt Ryan, ATL"
150. (WR62),"Elijah Moore, NYJ"
151. (WR63),"Nelson Agholor, NE"
152. (WR64),"Russell Gage, ATL"
153. (WR65),"Jamison Crowder, NYJ"
154. (WR66),"Terrace Marshall Jr., CAR"
155. (WR67),"Rondale Moore, ARI"
156. (RB52),"Giovani Bernard, TB"
157. (RB53),"Tevin Coleman, NYJ"
158. (RB54),"Mark Ingram II, HOU"
159. (WR68),"A.J. Green, ARI"
160. (WR69),"Bryan Edwards, LV"
161. (WR70),"Randall Cobb, GB"
162. (WR71),"Sterling Shepard, NYG"
163. (WR72),"Gabriel Davis, BUF"
164. (WR73),"Emmanuel Sanders, BUF"
165. (TE19),"Eric Ebron, PIT"
166. (TE20),"Cole Kmet, CHI"
167. (TE21),"Zach Ertz, PHI"
168. (QB20),"Ben Roethlisberger, PIT"
169. (DST1),"Buccaneers D/ST, TB"
170. (DST2),"Steelers D/ST, PIT"
171. (DST3),"Ravens D/ST, BAL"
172. (DST4),"WFT D/ST, WAS"
173. (DST5),"49ers D/ST, SF"
174. (DST6),"Bills D/ST, BUF"
175. (DST7),"Broncos D/ST, DEN"
176. (DST8),"Patriots D/ST, NE"
177. (DST9),"Rams D/ST, LAR"
178. (DST10),"Browns D/ST, CLE"
179. (DST11),"Colts D/ST, IND"
180. (DST12),"Vikings D/ST, MIN"
181. (K1),"Harrison Butker, KC"
182. (K2),"Justin Tucker, BAL"
183. (K3),"Graham Gano, NYG"
184. (K4),"Jason Myers, SEA"
185. (K5),"Brandon McManus, DEN"
186. (K6),"Jason Sanders, MIA"
187. (K7),"Younghoe Koo, ATL"
188. (K8),"Matt Gay, LAR"
189. (K9),"Greg Zuerlein, DAL"
190. (K10),"Tyler Bass, BUF"
191. (K11),"Josh Lambo, JAC"
192. (K12),"Matt Prater, ARI"
193. (WR74),"Amon-Ra St. Brown, DET"
194. (RB55),"Devontae Booker, NYG"
195. (RB56),"Darrynton Evans, TEN"
196. (RB57),"Latavius Murray, NO"
197. (RB58),"Rhamondre Stevenson, NE"
198. (RB59),"Tarik Cohen, CHI"
199. (RB60),"Rashaad Penny, SEA"
200. (RB61),"Qadree Ollison, ATL"
201. (RB62),"Damien Williams, CHI"
202. (RB63),"Chuba Hubbard, CAR"
203. (RB64),"Darrel Williams, KC"
204. (RB65),"Ty Johnson, NYJ"
205. (RB66),"Justin Jackson, LAC"
206. (RB67),"Salvon Ahmed, MIA"
207. (RB68),"Marlon Mack, IND"
208. (RB69),"Boston Scott, PHI"
209. (RB70),"Xavier Jones, LAR"
210. (RB71),"Wayne Gallman, SF"
211. (TE22),"Anthony Firkser, TEN"
212. (QB21),"Daniel Jones, NYG"
213. (WR75),"Breshad Perriman, DET"
214. (WR76),"Rashod Bateman, BAL"
215. (WR77),"Tre'Quan Smith, NO"
216. (WR78),"John Brown, LV"
217. (WR79),"Kadarius Toney, NYG"
218. (WR80),"Nico Collins, HOU"
219. (QB22),"Kirk Cousins, MIN"
220. (QB23),"Ryan Fitzpatrick, WAS"
221. (DST13),"Dolphins D/ST, MIA"
222. (DST14),"Saints D/ST, NO"
223. (K13),"Daniel Carlson, LV"
224. (K14),"Nick Folk, NE"
225. (WR81),"Sammy Watkins, BAL"
226. (WR82),"D'Wayne Eskridge, SEA"
227. (WR83),"Christian Kirk, ARI"
228. (WR84),"Allen Lazard, GB"
229. (WR85),"Darius Slayton, NYG"
230. (WR86),"Van Jefferson, LAR"
231. (WR87),"KJ Hamler, DEN"
232. (WR88),"Denzel Mims, NYJ"
233. (WR89),"Demarcus Robinson, KC"
234. (WR90),"Byron Pringle, KC"
235. (RB72),"Cordarrelle Patterson, ATL"
236. (RB73),"Samaje Perine, CIN"
237. (RB74),"DeeJay Dallas, SEA"
238. (RB75),"Joshua Kelley, LAC"
239. (RB76),"Rex Burkhead, HOU"
240. (RB77),"Brian Hill, TEN"
241. (RB78),"J.J. Taylor, NE"
242. (RB79),"Kenneth Gainwell, PHI"
243. (QB24),"Jameis Winston, NO"
244. (QB25),"Derek Carr, LV"
245. (QB26),"Zach Wilson, NYJ"
246. (TE23),"Jared Cook, LAC"
247. (TE24),"Adam Trautman, NO"
248. (TE25),"Blake Jarwin, DAL"
249. (TE26),"Gerald Everett, SEA"
250. (RB80),"Tony Jones Jr., NO"
251. (WR91),"Quintez Cephus, DET"
252. (WR92),"Dyami Brown, WAS"
253. (DST15),"Packers D/ST, GB"
254. (DST16),"Bears D/ST, CHI"
255. (K15),"Chase McLaughlin, CLE"
256. (K16),"Ryan Succop, TB"
257. (TE27),"C.J. Uzomah, CIN"
258. (TE28),"O.J. Howard, TB"
259. (TE29),"Jordan Akins, HOU"
260. (WR93),"Anthony Miller, HOU"
261. (WR94),"Tutu Atwell, LAR"
262. (WR95),"DeSean Jackson, LAR"
263. (WR96),"Chris Conley, HOU"
264. (RB81),"Kyle Juszczyk, SF"
265. (RB82),"Dare Ogunbowale, JAC"
266. (QB27),"Jared Goff, DET"
267. (QB28),"Carson Wentz, IND"
268. (QB29),"Cam Newton, NE"
269. (QB30),"Sam Darnold, CAR"
270. (QB31),"Drew Lock, DEN"
271. (WR97),"Olamide Zaccheaus, ATL"
272. (WR98),"Keelan Cole, NYJ"
273. (WR99),"Donovan Peoples-Jones, CLE $0"
274. (WR100),"Tim Patrick, DEN"
275. (WR101),"James Washington, PIT"
276. (RB83),"La'Mical Perine, NYJ"
277. (RB84),"Benny Snell Jr., PIT"
278. (RB85),"Jalen Richard, LV"
279. (RB86),"Jonathan Ward, ARI"
280. (RB87),"Chris Evans, CIN"
281. (RB88),"Larry Rountree III, LAC"
282. (RB89),"Jerick McKinnon, KC"
283. (RB90),"Jermar Jefferson, DET"
284. (WR102),"Josh Palmer, LAC"
285. (DST17),"Giants D/ST, NYG"
286. (DST18),"Cardinals D/ST, ARI"
287. (K17),"Robbie Gould, SF"
288. (K18),"Dustin Hopkins, WAS"
289. (TE30),"Jack Doyle, IND"
290. (TE31),"Hayden Hurst, ATL"
291. (TE32),"Dan Arnold, CAR"
292. (TE33),"Dalton Schultz, DAL"
293. (TE34),"Dawson Knox, BUF"
294. (WR103),"Hunter Renfrow, LV"
295. (WR104),"Kendrick Bourne, NE"
296. (QB32),"Tyrod Taylor, HOU"
297. (DST19),"Jets D/ST, NYJ"
298. (DST20),"Chiefs D/ST, KC"
299. (DST21),"Titans D/ST, TEN"
300. (DST22),"Falcons D/ST, ATL"